Date,Austria,Belgium,Cyprus,Germany,Estonia,Spain,Finland,France,Greece (GR),Lithuania,Luxembourg,Latvia,Malta,Netherlands,Portugal,Slovenia,Slovakia,Euro area (changing composition)
2016Nov,0.31,0.09,1.5,0.33,0.48,0.12,0.5,1.09,0.71,0.23,-,0.4,0.72,1.43,0.31,0.27,1.91,0.43
2016Oct,0.33,0.23,1.49,0.31,0.52,0.13,0.41,0.96,0.75,0.31,0.44,0.43,0.74,1.47,0.33,0.26,0.96,0.44
2016Sep,0.31,0.16,1.52,0.34,0.47,0.15,0.43,1.07,0.78,0.21,-,0.41,0.71,1.27,0.34,0.25,1.54,0.5
2016Aug,0.33,0.14,1.54,0.38,0.39,0.18,0.51,0.93,0.87,0.21,0.28,0.36,0.77,1.64,0.37,0.28,1.34,0.52
2016Jul,0.32,0.19,1.53,0.31,0.36,0.19,0.45,1.29,0.86,0.17,0.19,0.5,1.07,1.61,0.39,0.28,0.91,0.5
2016Jun,0.3,0.85,1.52,0.32,0.38,0.22,0.61,1.31,0.86,0.17,0.33,0.48,1.22,1.65,0.43,0.28,1.39,0.56
2016May,0.31,1.9,1.52,0.38,0.36,0.23,0.63,1.24,0.85,0.18,-,0.44,1.29,1.68,0.44,0.3,1.2,0.54
2016Apr,0.31,0.29,1.59,0.4,0.43,0.25,0.51,1.28,0.87,0.19,-,0.41,1.25,1.63,0.48,0.31,1.21,0.58
2016Mar,0.33,0.3,1.53,0.41,0.41,0.3,0.7,1.36,0.88,0.19,0.33,0.42,1.36,1.49,0.47,0.36,1.32,0.59
2016Feb,0.37,0.25,1.55,0.39,0.49,0.33,0.73,1.39,0.91,0.18,0.25,0.34,1.2,1.42,0.49,0.39,1.18,0.6
2016Jan,0.39,0.32,1.54,0.38,0.49,0.35,0.74,1.57,1.01,0.22,0.23,0.56,1.13,1.41,0.54,0.4,1.5,0.63
2015Dec,0.38,0.24,1.55,0.31,0.46,0.4,0.85,1.39,1.01,0.25,0.55,0.66,1.01,1.61,0.54,0.41,1.43,0.63
2015Nov,0.39,0.3,1.52,0.38,0.55,0.4,0.85,1.38,1,0.24,-,0.3,1,1.81,0.59,0.43,1.72,0.64
2015Oct,0.38,0.57,1.54,0.39,0.62,0.42,0.92,1.39,1.06,0.24,-,0.42,0.92,1.85,0.64,0.46,1.26,0.64
2015Sep,0.37,1.64,1.53,0.39,0.57,0.42,0.96,1.38,1.17,0.18,0.38,0.39,0.99,1.87,0.59,0.47,1.41,0.67
2015Aug,0.35,1.79,1.6,0.35,0.57,0.41,0.96,1.28,1.18,0.18,0.57,0.31,1,1.69,0.65,0.51,1.58,0.67
2015Jul,0.36,1.86,1.67,0.36,0.54,0.41,0.95,1.32,1.29,0.2,0.24,0.3,1.02,1.75,0.68,0.5,1.41,0.67
2015Jun,0.36,1,1.67,0.33,0.5,0.42,0.96,1.17,1.79,0.19,0.32,0.4,1.15,1.41,0.69,0.54,1.5,0.77
2015May,0.4,1.03,1.66,0.4,0.49,0.44,1,1.3,1.8,0.2,-,0.32,1.14,1.74,0.71,0.56,1.82,0.83
2015Apr,0.41,1.04,1.76,0.37,0.78,0.47,1.03,1.36,1.81,0.23,-,0.73,1.14,1.75,0.9,0.59,1.77,0.87
2015Mar,0.43,1.43,1.73,0.43,0.48,0.51,1.04,1.54,1.81,0.28,0.28,0.65,1.21,1.71,0.91,0.68,1.99,0.89
2015Feb,0.44,0.82,2.3,0.55,0.5,0.55,1.07,1.67,1.8,0.39,0.25,0.41,1.29,1.79,1.06,0.74,2.09,0.97
2015Jan,0.46,0.24,2.68,0.56,0.44,0.62,1.04,1.82,1.79,0.52,0.31,0.58,1.27,1.79,1.17,0.81,2.08,1.01
2014Dec,0.48,0.32,2.63,0.4,0.48,0.65,0.96,1.52,1.81,0.33,-,0.64,1.28,1.66,1.22,0.86,1.73,0.95
2014Nov,0.53,0.24,2.6,0.54,0.53,0.65,1.05,1.74,1.84,0.47,0.16,0.36,1.44,1.75,1.33,0.94,1.92,1.01
2014Oct,0.55,0.4,2.67,0.54,0.47,0.72,1.07,1.75,1.9,0.46,0.44,0.46,1.39,1.82,1.3,1.01,1.56,1.09
2014Sep,0.57,1.93,2.59,0.53,0.47,0.8,1.1,1.78,2.06,0.41,0.34,0.37,1.43,2,1.34,1.05,1.69,1.17
2014Aug,0.57,1.88,2.6,0.57,0.56,0.85,1.07,1.81,2.1,0.24,0.37,0.41,1.69,1.71,1.5,1.1,1.44,1.2
2014Jul,0.61,1.47,2.64,0.56,0.47,0.9,1.12,1.94,2.25,0.4,0.48,0.32,1.6,2,1.65,1.17,1.46,1.29
2014Jun,0.68,1.41,2.58,0.65,0.44,0.96,1.08,1.74,2.34,0.42,0.36,0.35,1.73,2,1.54,1.25,1.6,1.31
2014May,0.72,1.22,2.5,0.66,0.45,1.04,1.14,1.66,2.49,0.42,0.41,0.39,1.66,2.02,1.69,1.29,1.57,1.39
2014Apr,0.77,1.19,2.69,0.67,0.42,1.09,1.19,1.61,2.69,0.42,0.39,0.37,1.77,2.11,1.79,1.32,1.44,1.53
2014Mar,0.71,0.82,2.49,0.67,0.45,1.18,1.08,1.86,2.8,0.42,0.38,0.32,1.87,1.95,1.77,1.43,1.34,1.54
2014Feb,0.76,0.44,2.38,0.75,0.47,1.29,1.09,1.86,2.78,0.4,0.3,0.47,1.85,2.03,1.89,1.54,1.49,1.59
2014Jan,0.82,0.59,2.37,0.72,0.4,1.38,1.15,2.02,2.8,0.52,0.37,0.67,1.98,1.88,2.01,1.68,1.71,1.64
2013Dec,0.74,0.38,2.23,0.64,0.39,1.42,1.03,1.66,2.79,0.57,0.38,0.62,1.93,1.79,1.88,1.74,1.25,1.58
2013Nov,0.76,0.46,2.2,0.73,0.46,1.52,1.12,1.65,2.81,0.56,0.4,0.52,1.94,1.78,1.92,1.78,1.5,1.62
2013Oct,0.81,0.61,2.37,0.7,0.47,1.61,1.13,1.74,2.94,0.47,0.35,0.45,1.93,1.75,1.99,1.87,1.35,1.73
2013Sep,0.73,1.25,2.2,0.7,0.43,1.6,1.11,1.63,3.08,0.48,0.31,0.34,2,1.91,1.99,1.94,1.35,1.71
2013Aug,0.67,1.22,2.18,0.72,0.41,1.61,1.12,1.78,3.27,0.48,0.58,0.28,1.99,2.13,2.03,2.1,1.38,1.79
2013Jul,0.7,1.22,2.24,0.72,0.45,1.67,1.06,1.9,3.45,0.52,0.9,0.42,2,2,2.09,2.25,1.68,1.86
2013Jun,0.72,1.51,2.34,0.77,0.45,1.63,1.03,1.8,3.84,0.44,0.43,0.38,1.97,2.29,2.03,2.31,1.32,1.87
2013May,0.77,1.15,2.5,0.84,0.41,1.84,1.15,1.75,4.02,0.37,0.59,0.38,2.01,2.45,2.21,2.4,1.97,2.03
2013Apr,0.85,0.9,3.67,0.8,0.43,1.82,1.14,1.77,4.18,0.41,0.89,0.49,2.01,2.22,2.39,2.39,2.16,2.26
2013Mar,0.89,0.57,4.34,0.76,0.44,1.78,1.13,1.75,4.35,0.58,0.78,0.45,2.11,2.14,2.39,2.55,1.96,2.24
2013Feb,0.89,0.5,4.52,0.91,0.51,1.87,1.12,1.9,4.45,0.56,0.92,0.35,2.3,2.31,2.52,2.64,1.95,2.37
2013Jan,0.92,0.87,4.53,0.95,0.45,2.37,1.13,1.91,4.58,0.55,-,0.78,2.17,2.41,2.55,2.7,2.02,2.53
2012Dec,0.89,0.87,4.52,0.85,0.45,2.92,1.1,1.83,4.65,0.64,0.53,0.79,2.19,2.47,2.42,2.61,2.07,2.69
2012Nov,1.02,1.06,4.47,1.08,0.4,2.92,1.17,1.76,4.59,0.69,0.38,0.36,1.97,2.52,2.52,2.62,1.86,2.66
2012Oct,1.05,0.98,4.46,1.04,0.53,2.78,1.24,2.2,4.61,0.66,0.76,0.46,2.07,2.67,2.68,2.64,2.16,2.7
2012Sep,1.01,0.65,4.44,1.22,0.59,2.88,1.35,1.99,4.59,0.72,0.38,0.43,1.98,2.83,2.69,2.53,2.12,2.77
2012Aug,1.07,0.63,4.43,1.24,0.69,2.5,1.41,1.93,4.53,0.81,0.82,0.56,2.22,2.79,2.88,2.53,2.51,2.64
2012Jul,1.23,0.64,4.42,1.32,0.9,2.46,1.61,2.13,4.81,0.89,0.8,0.89,2,2.68,3.12,2.6,2.47,2.79
2012Jun,1.3,0.63,4.34,1.18,0.93,2.33,1.66,1.95,5,0.91,0.52,1.03,2.42,2.4,3.06,2.64,2.29,2.69
2012May,1.49,0.62,4.36,1.25,0.95,2.28,1.73,2,4.89,0.87,0.62,0.82,2.2,2.58,3.23,2.74,2.32,2.64
2012Apr,1.55,0.63,4.35,1.32,0.94,2.37,1.71,2.06,4.95,1.11,0.91,1.05,1.96,2.67,3.34,2.8,2.43,2.8
2012Mar,1.69,0.59,4.35,1.31,1.02,2.54,1.82,2.21,4.92,1.19,0.54,1.03,1.99,2.8,3.67,2.82,2.49,2.86
2012Feb,1.83,0.68,4.3,1.42,1.2,2.67,1.89,2.31,4.84,1.17,0.74,1.21,2,3.06,3.69,2.77,2.49,2.93
2012Jan,1.99,1.01,4.28,1.5,1.42,2.79,2.06,2.33,4.77,1.38,0.96,1.68,2.14,3.16,3.87,2.76,2.39,2.99
2011Dec,1.98,1.09,4.26,1.46,1.58,2.79,2.03,2.25,4.81,1.32,1.06,1.97,2.3,2.89,3.67,2.61,2.07,2.81
2011Nov,2.03,1.18,4.18,1.6,1.62,2.78,2.13,2.19,4.59,1.46,1.16,1.87,2,3.12,3.61,2.6,2.01,2.8
2011Oct,2.02,1.33,4.15,1.64,1.56,2.69,2.16,2.25,4.48,1.39,1.25,1.85,2.08,3.13,4.59,2.57,2.12,2.9
2011Sep,1.83,1.31,4.15,1.56,1.53,2.76,2.2,2.27,4.34,1.3,1.14,1.79,2.12,2.78,4.08,2.48,1.95,2.75
2011Aug,1.82,1.5,4.14,1.58,1.5,2.58,2.17,2.22,4.28,1.37,1.17,1.8,2.04,2.38,4.04,2.5,2.05,2.76
2011Jul,1.82,1.64,4.11,1.62,1.49,2.71,2.19,2.24,4.26,1.36,1.31,1.83,2.11,2.42,3.89,2.52,2.37,2.78
2011Jun,1.77,1.56,4.03,1.53,1.42,2.85,2.25,2.14,4.06,1.34,1.07,1.91,2.01,2.32,3.62,2.51,2.36,2.67
2011May,1.74,1.39,4.01,1.47,1.43,2.77,2.19,2.1,3.91,0.98,1.11,1.66,1.93,1.71,3.54,2.5,2.21,2.59
2011Apr,1.59,1.26,4,1.44,1.28,2.62,2.07,2.13,3.86,0.83,1.05,1.65,1.97,2.5,3.32,2.39,2.09,2.52
2011Mar,1.51,0.98,4,1.29,1.19,2.61,1.97,2.01,3.73,0.78,0.86,1.67,2.04,2.53,3.11,2.42,2.05,2.4
2011Feb,1.41,0.97,4.02,1.3,1.22,2.56,1.91,2.07,3.74,0.77,0.84,1.71,1.98,2.47,2.89,2.32,2.46,2.39
2011Jan,1.41,0.97,4.01,1.32,1.16,2.62,1.86,1.95,3.7,0.83,0.83,2.08,2.21,2.48,2.75,2.35,2.39,2.39
2010Dec,1.35,0.82,3.99,1.12,1.25,2.73,1.76,1.91,3.64,1.1,0.8,2.32,2,2.49,2.65,2.26,2.12,2.29
2010Nov,1.33,0.92,3.97,1.22,0.95,2.8,1.78,1.86,3.62,0.87,0.79,1.73,1.94,2.53,2.49,2.14,2.25,2.35
2010Oct,1.38,0.92,3.96,1.19,1.02,2.67,1.68,1.94,3.67,0.94,0.76,1.71,1.87,2.44,2.36,2.1,2.12,2.38
2010Sep,1.07,0.77,3.96,1.11,1.09,2.76,1.58,1.83,3.58,0.86,0.68,1.82,1.93,2.45,1.97,2.03,1.98,2.28
2010Aug,1.05,0.83,3.94,1.11,1.03,2.5,1.69,1.84,3.64,0.87,0.75,2.02,1.92,2.33,1.88,2.02,1.94,2.22
2010Jul,1.1,0.93,3.92,1.14,1.27,2.58,1.59,1.45,3.7,0.8,0.69,2.05,1.95,2.51,1.86,2.07,1.53,2.32
2010Jun,1.03,0.74,3.87,0.98,1.09,2.44,1.68,1.47,3.55,0.84,0.6,1.93,1.87,2.69,1.49,2.01,1.52,2.16
2010May,1.01,0.82,3.89,1,1.09,2.24,1.64,1.44,3.41,1.07,0.42,1.51,1.88,-,1.16,1.9,1.68,2.09
2010Apr,1.08,0.82,3.87,1.11,1.1,2.4,1.61,1.45,2.98,1.1,0.42,1.8,1.86,-,1.25,1.92,1.83,2.06
2010Mar,1.19,0.78,3.95,1.39,0.98,2.21,1.54,1.53,2.62,1.3,0.36,1.52,1.95,-,1.31,2.01,1.71,1.93
2010Feb,1.31,0.81,4,1.26,1.13,2.04,1.55,1.5,2.35,1.67,0.44,1.88,1.61,-,1.34,2.11,1.89,1.79
2010Jan,1.43,0.8,4.15,1.18,1.25,2.15,1.6,1.51,2.18,2.07,0.49,2.46,2,-,1.42,2.2,2.11,1.79
2009Dec,1.36,0.84,4.13,0.95,1.23,2.22,1.48,1.5,2.09,2.07,0.5,3.29,2.13,-,1.54,2.22,1.97,1.73
2009Nov,1.49,1,4.11,1.12,1.2,2.19,1.59,1.4,2.01,1.75,0.47,2.59,1.97,-,1.57,2.14,1.82,1.72
2009Oct,1.47,0.91,4.15,1.11,1.45,2.16,1.37,1.35,2.08,2.12,0.47,2.38,2.55,-,1.54,2.22,1.48,1.72
2009Sep,1.35,1.05,4.11,1.08,1.46,2.11,1.27,1.44,2.08,2.78,0.5,2.59,1.85,-,1.51,2.27,1.55,1.65
2009Aug,1.39,1.04,4.05,1.24,0.92,2.28,1.27,1.42,2.24,3.14,0.45,2.91,1.95,-,1.58,2.38,1.41,1.76
2009Jul,1.4,1.04,4.05,1.51,1.17,2.35,1.31,1.66,2.34,3.61,0.57,3.27,2.03,-,1.86,2.5,1.26,1.9
2009Jun,1.52,1.11,4.06,1.34,1.25,2.36,1.42,1.72,2.54,3.46,0.74,3.3,2.04,-,1.87,2.52,1.41,1.89
2009May,1.54,1.13,4.07,1.39,1.26,2.4,1.4,1.73,2.57,3.29,0.7,2.99,2.78,-,2.05,2.4,1.34,1.92
2009Apr,1.65,1.16,4.24,1.39,1.25,2.48,1.43,1.87,2.84,4.15,0.81,3.43,2.22,-,2.22,2.52,1.35,2.05
2009Mar,1.99,1.63,4.67,1.55,1.59,2.76,1.6,2.2,3.24,4.06,0.98,3.29,2.08,-,2.47,2.93,1.61,2.28
2009Feb,2.27,1.88,5.36,2.03,1.92,3.13,1.84,2.18,3.86,4.2,1.3,2.98,2.18,-,2.71,3.5,1.94,2.67
2009Jan,2.78,2.25,6.14,2.76,3.09,3.48,2.41,2.69,4.89,4.74,1.81,3.22,2.74,-,3.19,4.18,2.1,3.31
2008Dec,3.55,2.89,6,3.27,4.25,4.2,3.26,3.34,5.36,4.99,2.59,3.64,3.07,-,3.71,4.52,2.99,3.78
2008Nov,4.43,3.74,5.72,3.94,4.53,4.62,4.2,3.93,5.21,5,3.46,3.82,3.61,-,4.27,4.61,3.45,4.27
2008Oct,4.75,4.53,5.72,4.5,4.5,5.05,5.04,4.68,5.37,4.58,4.36,4.29,3.92,-,4.67,4.7,3.97,4.77
2008Sep,4.55,4.56,5.6,4.5,4.17,4.87,4.97,4.54,5.11,4.22,4.33,4.34,4.1,-,4.48,4.59,4.13,4.66
2008Aug,4.46,4.5,5.47,4.54,4.02,4.81,4.92,4.42,4.98,4.39,4.19,4.58,4.15,-,4.44,4.45,3.91,4.61
2008Jul,4.42,4.51,5.36,4.46,4.11,4.84,4.92,4.47,5.09,4.25,4.24,4.74,4.11,-,4.54,4.44,3.99,4.62
2008Jun,4.25,4.39,5.11,4.29,3.94,4.67,4.88,4.33,4.84,4.13,4.14,4.56,4.08,-,4.24,4.34,3.84,4.44
2008May,4.18,4.21,4.73,4.19,3.89,4.54,4.68,4.19,4.71,3.91,4.06,4.41,3.88,-,4.16,4.28,3.71,4.32
2008Apr,4.15,4.18,4.56,4.13,3.93,4.49,4.6,4.14,4.66,3.99,4.07,4.45,3.86,-,4.1,4.22,3.83,4.27
2008Mar,4.03,4.08,4.32,4.02,3.9,4.34,4.41,4.02,4.41,4.08,3.97,4.46,3.84,-,3.94,4.04,3.72,4.13
2008Feb,4.01,4.02,4.18,3.92,3.66,4.54,4.22,3.93,4.28,3.93,3.83,4.31,4.03,-,3.95,3.96,3.57,4.1
2008Jan,4.18,4.07,4.15,4.1,3.79,4.54,4.37,4.01,4.35,4.01,3.91,4.38,3.96,-,3.97,4.1,3.86,4.2
2007Dec,4.28,4.21,,4.25,4.23,4.44,4.66,4.17,4.49,3.92,4.04,4.36,-,-,4.14,4.05,-,4.27
2007Nov,4.2,4,,4.05,4.05,4.32,4.46,3.96,4.22,3.84,3.82,4.25,3.4,-,3.96,3.85,-,4.09
2007Oct,4.26,4.04,,4.02,4.08,4.33,4.44,3.98,4.23,3.89,3.81,4.14,3.58,-,4.09,3.91,-,4.11
2007Sep,4.15,4.03,,4.03,3.88,4.17,4.49,4.05,4.24,3.72,3.87,4.06,-,-,3.95,3.63,-,4.06
2007Aug,4.03,3.98,,3.96,3.76,3.93,4.32,3.87,4.09,3.86,3.7,3.92,-,-,3.75,3.42,-,3.93
2007Jul,3.95,4.05,,3.87,3.96,3.85,4.12,3.83,4,3.6,3.54,3.83,-,-,3.74,3.39,-,3.86
2007Jun,3.9,3.96,,3.75,4,3.74,4.07,3.8,3.96,3.4,3.55,3.78,-,-,3.61,3.28,-,3.78
2007May,3.74,3.65,,3.62,3.43,3.62,3.94,3.62,3.75,3.29,3.45,3.58,-,-,3.53,3.17,-,3.62
2007Apr,3.6,3.66,,3.57,3.52,3.63,3.84,3.57,3.74,3.49,3.43,3.41,-,-,3.46,3.09,-,3.59
2007Mar,3.5,3.64,,3.51,3.55,3.56,3.77,3.53,3.64,3.04,3.39,3.47,3.04,-,3.34,3.02,-,3.52
2007Feb,3.38,3.49,,3.37,3.38,3.38,3.68,3.46,3.51,3.18,3.2,3.27,,-,3.23,2.93,-,3.38
2007Jan,3.34,3.42,,3.36,3.45,3.27,3.62,3.43,3.5,3.17,3.2,3.2,,-,3.23,2.85,-,3.33
2006Dec,3.29,3.36,,3.25,2.97,3.21,3.55,3.36,3.47,3.08,3.17,3.31,,-,3.25,2.77,-,3.27
2006Nov,3.21,3.1,,3.08,3.27,3.11,3.42,3.23,3.26,2.49,2.95,3.12,,-,3.08,2.68,-,3.11
2006Oct,3.13,3.1,,3.01,3.17,3.05,3.31,3.25,3.24,2.84,2.82,2.89,,-,2.92,2.55,-,3.05
2006Sep,2.96,2.96,,2.85,3.03,2.95,3.18,3.05,3.03,2.56,2.66,2.78,,-,2.67,2.41,-,2.88
2006Aug,2.92,2.83,,2.77,3.01,2.9,3.07,2.87,2.95,2.87,2.56,2.71,,-,2.6,2.28,-,2.79
2006Jul,2.81,2.79,,2.67,2.87,2.84,2.94,2.74,2.84,2.63,2.63,2.65,,-,2.51,2.23,-,2.71
2006Jun,2.77,2.57,,2.53,2.82,2.63,2.83,2.68,2.76,2.45,2.56,2.51,,-,2.29,2.07,-,2.58
2006May,2.66,2.4,,2.41,2.51,2.59,2.72,2.5,2.67,2.84,2.41,2.38,,-,2.24,2.01,-,2.47
2006Apr,2.56,2.36,,2.36,2.62,2.52,2.65,2.46,2.63,2.62,2.34,2.38,,-,2.21,1.97,-,2.42
2006Mar,2.45,2.31,,2.31,2.4,2.5,2.59,2.48,2.58,2.54,2.3,2.23,,-,2.21,1.89,-,2.38
2006Feb,2.25,2.12,,2.24,2.2,2.36,2.43,2.33,2.45,2.5,2.17,2.23,,-,2.03,1.81,-,2.25
2006Jan,2.22,2.11,,2.2,2.18,2.34,2.38,2.3,2.45,2.69,2.1,2.23,,-,1.99,1.78,-,2.22
2005Dec,2.21,2.02,,2.08,2.13,2.29,2.34,2.29,2.39,2.62,2.07,2.01,,-,1.98,1.69,-,2.15
2005Nov,2.04,1.97,,1.96,2,2.16,2.21,2.13,2.27,2.15,1.91,2.02,,-,1.94,1.64,-,2.03
2005Oct,1.97,2.08,,1.94,1.97,2.08,2.06,2.14,2.22,2.14,1.81,1.93,,-,1.89,1.57,-,2
2005Sep,1.92,2.15,,1.91,2,2.06,2.03,2.14,2.19,2.12,1.81,1.83,,-,1.86,1.59,-,1.97
2005Aug,1.9,1.98,,1.9,1.99,2.07,2.03,2.13,2.19,2.15,1.78,1.96,,-,1.84,1.69,-,1.95
2005Jul,1.94,1.89,,1.89,1.92,1.98,2.01,2.15,2.2,2.16,1.79,2.01,,-,1.86,1.62,-,1.94
2005Jun,1.96,1.93,,1.92,1.99,2.02,2.01,2.22,2.21,2.37,1.9,2.05,,-,1.82,1.75,-,1.95
2005May,1.95,1.92,,1.91,1.88,2,2.02,2.2,2.2,2.28,1.84,1.81,,-,1.81,1.5,-,1.94
2005Apr,1.96,1.88,,1.89,2,2.02,2.02,2.14,2.22,2.36,1.88,2.07,,-,1.87,,-,1.94
2005Mar,1.96,1.87,,1.93,2.03,2.01,2.03,2.1,2.22,2.5,1.83,2.26,,-,1.84,,-,1.94
2005Feb,1.98,1.88,,1.96,2,2.03,2.03,2.12,2.19,2.53,1.87,2.24,,-,1.85,,-,1.96
2005Jan,1.99,1.91,,1.97,1.98,2,2.04,2.13,2.25,2.54,1.84,2.27,,-,1.87,,-,1.96
2004Dec,2,1.94,,1.92,2.07,2.06,2.04,2.1,2.3,2.45,1.87,2.35,,-,1.88,,-,1.95
2004Nov,1.96,1.88,,1.93,2.06,2.06,2.02,2.15,2.35,2.39,1.81,2.3,,-,1.88,,-,1.95
2004Oct,1.94,1.87,,1.95,2.09,2.05,1.99,2.12,2.34,2.34,1.79,2.15,,-,1.82,,-,1.94
2004Sep,1.91,1.85,,1.91,2.06,1.97,1.98,2.06,2.33,,1.78,2.3,,-,1.82,,-,1.91
2004Aug,1.89,1.85,,1.98,2.09,2,1.97,2.07,2.31,,1.75,2.23,,2.3,1.76,,-,1.92
2004Jul,1.91,1.85,,1.92,1.74,1.99,1.97,2.17,2.32,,1.77,2.21,,-,1.81,,-,1.92
2004Jun,1.91,1.83,,1.89,2.08,1.96,1.99,1.91,2.29,,1.77,2.5,,-,1.78,,-,1.88
2004May,1.88,1.79,,1.9,2.02,1.85,1.97,2.01,2.24,,1.75,2.32,,-,1.79,,-,1.86
2004Apr,1.95,1.78,,2.02,1.99,1.89,1.91,2.06,2.26,,1.74,2.29,,-,1.75,,-,1.9
2004Mar,1.92,1.78,,2.04,1.95,1.89,1.9,2.05,2.29,,1.73,2.08,,-,1.8,,-,1.91
2004Feb,1.93,1.76,,1.97,1.99,1.94,1.93,2.08,2.18,,1.76,2.08,,-,1.83,,-,1.9
2004Jan,1.99,1.81,,1.96,1.93,1.94,1.95,2.06,2.26,,1.78,2.59,,-,1.91,,-,1.92
2003Dec,1.94,1.87,,1.94,2.07,1.88,1.99,2.16,2.22,,1.81,,,-,1.86,,,1.91
2003Nov,1.92,1.82,,1.92,1.98,1.85,1.97,2.02,2.29,,1.75,,,2.31,1.82,,,1.88
2003Oct,1.9,1.82,,1.96,1.97,1.82,1.96,2.08,2.28,,1.81,,,2.4,1.86,,,1.89
2003Sep,1.85,1.84,,1.89,1.94,1.85,1.96,2.03,2.3,,1.84,,,2.38,1.85,,,1.88
2003Aug,1.85,1.84,,2.08,2.03,1.89,1.96,2.03,2.3,,1.8,,,2.37,1.74,,,1.92
2003Jul,1.95,1.82,,2,1.9,1.95,1.93,2.01,2.38,,1.85,,,-,1.81,,,1.93
2003Jun,1.99,1.91,,2.14,2.07,1.94,2.02,2.34,2.44,,1.88,,,2.39,1.94,,,2.02
2003May,2.24,2.24,,2.3,2.12,2.13,2.31,2.54,2.61,,2.2,,,2.72,2.07,,,2.25
2003Apr,2.3,2.25,,2.32,2.34,2.16,2.36,2.61,2.7,,2.23,,,2.72,2.11,,,2.27
2003Mar,2.34,2.28,,2.39,2.37,2.35,2.41,2.64,2.69,,2.31,,,2.81,2.16,,,2.36
2003Feb,2.47,2.49,,2.44,2.58,2.48,2.58,2.72,2.72,,2.43,,,-,2.29,,,2.45
2003Jan,2.54,2.54,,2.63,2.6,2.66,2.65,2.74,2.83,,2.48,,,-,2.38,,,2.59
2002Dec,2.54,2.58,,2.98,2.7,,2.74,2.95,2.93,,2.48,,,3.08,2.6,,,2.73
2002Nov,2.78,2.74,,3.16,2.7,,2.83,3.13,3.15,,2.67,,,3.19,2.7,,,2.91
2002Oct,2.77,2.93,,3.22,2.99,,2.86,3.27,3.17,,2.67,,,3.19,2.8,,,2.97
2002Sep,2.82,2.99,,3.35,2.67,,2.89,3.32,3.13,,2.67,,,3.24,2.71,,,3.02
2002Aug,2.9,3.03,,3.43,2.95,,2.91,3.36,2.7,,3.04,,,3.35,2.71,,,3.08
2002Jul,2.96,3.08,,3.62,2.73,,2.93,3.42,2.72,,3.04,,,3.51,2.91,,,3.2
2002Jun,2.99,3.15,,3.66,3.05,,2.9,3.48,2.74,,3.04,,,3.51,2.8,,,3.21
2002May,2.95,3.17,,3.61,2.74,,2.88,3.48,2.87,,2.91,,,3.51,2.81,,,3.18
2002Apr,2.88,3.1,,3.62,3,,2.84,3.42,2.82,,2.91,,,3.51,2.81,,,3.16
2002Mar,2.84,3.1,,3.58,2.73,,2.85,3.4,2.74,,2.91,,,3.45,2.71,,,3.13
2002Feb,2.82,3.05,,3.49,2.9,,2.83,3.37,2.63,,2.77,,,3.29,2.71,,,3.08
2002Jan,2.79,3.04,,3.45,3.23,,2.9,3.35,2.62,,2.77,,,3.24,2.7,,,3.05
2001Dec,2.79,3.01,,3.4,2.72,,2.95,3.36,2.41,,2.77,,,3.19,2.7,,,3.04
2001Nov,2.87,3.07,,3.4,3.12,,3.03,3.4,2.51,,2.97,,,3.08,2.8,,,3.1
2001Oct,3.06,3.15,,3.72,3.24,,3.11,3.61,2.71,,2.97,,,3.35,3,,,3.32
2001Sep,3.18,3.32,,4.07,3.42,,3.22,4,3.05,,2.97,,,3.35,3.2,,,3.57
2001Aug,3.36,3.86,,4.36,3.88,,3.28,4.37,3.45,,3.54,,,3.61,3.4,,,3.85
2001Jul,3.27,3.96,,4.45,3.53,,3.25,4.48,3.55,,3.54,,,3.82,3.4,,,3.89
2001Jun,3.3,4.03,,4.46,3.71,,3.26,4.47,3.57,,3.54,,,3.88,3.5,,,3.92
2001May,3.29,4.1,,4.56,3.81,,3.25,4.65,3.64,,3.7,,,3.82,3.6,,,4
2001Apr,3.39,4.3,,4.56,4.03,,3.22,4.7,3.62,,3.7,,,3.77,3.5,,,4.02
2001Mar,3.42,4.16,,4.66,4.14,,3.2,4.73,3.71,,3.7,,,3.93,3.6,,,4.06
2001Feb,3.45,4.31,,4.66,4.13,,3.16,4.77,3.74,,3.87,,,3.93,3.5,,,4.07
2001Jan,3.58,4.33,,4.73,4.03,,3.12,4.79,3.84,,3.87,,,3.98,3.5,,,4.11
2000Dec,3.65,4.39,,5,4.04,,3.02,4.96,4.7,,3.87,,,4.2,3.6,,,4.26
2000Nov,3.53,4.55,,5.1,4.9,,2.86,5.11,5.4,,4.12,,,4.51,3.6,,,4.31
2000Oct,3.48,4.52,,5.07,4.38,,2.78,5.06,5.6,,4.12,,,4.51,3.4,,,4.25
2000Sep,3.32,4.4,,4.97,4.68,,2.73,4.87,5.8,,4.12,,,4.57,3.3,,,4.13
2000Aug,3.23,4.35,,4.83,4.4,,2.58,4.79,6,,3.67,,,4.51,3.2,,,4
2000Jul,3.12,4.07,,4.73,4.62,,2.48,4.6,6,,3.67,,,4.36,3.2,,,3.9
2000Jun,2.96,4.03,,4.62,4.51,,2.41,4.52,6.1,,3.67,,,4.25,3.1,,,3.78
2000May,2.78,3.98,,4.39,4.63,,2,4.38,6.2,,3.34,,,4.2,2.9,,,3.59
2000Apr,2.84,3.62,,4.2,4.06,,2,3.94,6.3,,3.34,,,3.82,2.71,,,3.44
2000Mar,2.72,3.41,,4.08,3.7,,2,3.76,6.6,,3.34,,,3.77,2.6,,,3.35
2000Feb,2.7,3.32,,3.97,3.52,,2,3.55,7,,2.98,,,3.72,2.51,,,3.26
2000Jan,2.67,3.16,,3.89,3.4,,2,3.35,7.7,,2.98,,,3.72,2.5,,,3.22
